,Songs,Artists,Uris
0,Electric Relaxation,A Tribe Called Quest,spotify:track:0eEXcw3JLVXcRxYrVYMy68
1,F.H.H.,RJD2,spotify:track:7IMkS3qmimryDrCZTvf5eR
2,Alphabet Aerobics,Blackalicious,spotify:track:4z5L0qDduw3w1apQ4Qa6KV
3,You,Atmosphere,spotify:track:0Qk949NHy8yYcAZFfvBzn2
4,The Best Day,Atmosphere,spotify:track:1WPQ1MfGc8KYi4eu0JwjlR
5,Coastin',Zion I,spotify:track:3AHEhVZkCX6D1xsBA3ctCs
6,Pour Me Another,Atmosphere,spotify:track:4WcGmFkZGsW2X2sS9EYfg1
7,Sunshine,Atmosphere,spotify:track:5OmcnFH77xm4IETrbEvhlq
8,Purple Kush,Sunspot Jonz,spotify:track:2ENkX8uXy9QxWj8t78Js7s
9,Never Fallin',Living Legends,spotify:track:50b2z04TwhZCEJzKYP5NG6
10,Night Prowler - Feat. Slug,Living Legends,spotify:track:2eH9bmauIu8J1d0H13K1Qy
11,Always Coming Back Home To You,Atmosphere,spotify:track:1cGl49TYbdzxRAmEynJujd
12,Nothing Less - Feat. Slug,Living Legends,spotify:track:7HMpvGXJrdnEpovrNDqI5w
13,Comin' Up (feat. Mistah F.A.B.),The Grouch & Eligh,spotify:track:3Hr9GEJGE8WvxM08dJldTi
14,L.A.,Murs,spotify:track:0JjgNoZJ2l49O2ztVRnSNt
15,Everything,Murs,spotify:track:3ut5Nkw2Hbv76fpzmujOFp
16,Side To Side (feat. Lateef & Pigeon John),Blackalicious,spotify:track:4mBDL0GeY7lSAU6hoJyz9I
17,Mr. Brown,Styles Of Beyond,spotify:track:1jQro0FQitSukchoIE82Fd
18,Tobacco Road,Common Market,spotify:track:1uiacGtYX5nANnDLLERtfe
19,Swell,Common Market,spotify:track:5txc4cxFEFvJsm7Cun62DN
20,Breath,The Grouch,spotify:track:4hc5yIdhhXdQlh2RHI8hMC
21,Finger Paint,Zion I,spotify:track:5IbCqtYrQwXfd8Y5d4GiVL
22,Weight Of The World,Pigeon John,spotify:track:5aUnL0XO8BV2LIR4o7zG8o
23,National Disgrace,Atmosphere,spotify:track:6G3cQ1qG84iu2sjgqbwzCM
24,Money Back Guarantee,Pigeon John,spotify:track:0aWhL2ka1ckrlBPU9ecRba
25,Never Fold (feat. Pigeon John & Express),Acid Reign,spotify:track:3HEaQ28pmIdJSaHq2xpIaF
26,The Last Sunshine,Pigeon John,spotify:track:39b3IZACSyUjubgNUAl5tH
27,Beautiful Girl,Cunninlynguists,spotify:track:5WmxGs0hBmoo9bcGlY0twV
28,Hypnotized (feat. Pack Fm & Club Dub),Cunninlynguists,spotify:track:268f4INOUZJvfVDqNmLFFb
29,Seasons (f. Masta Ace) [Deluxe Edition],Cunninlynguists,spotify:track:2IUw7zZ0tyOBePnWKOA1hM
30,Doin Alright [Deluxe Edition],Cunninlynguists,spotify:track:2uj1z346FVkMpgEvfe4vyO
31,Love Ain't (f. Tonedeff) [Deluxe Edition],Cunninlynguists,spotify:track:6qfna7A7WvUwyNoqVwbhnc
32,War [Deluxe Edition],Cunninlynguists,spotify:track:5p3gU9nfg5OLxpsAtaAMik
33,Retaliation,Jedi Mind Tricks,spotify:track:07CDOoR2MkkMM8OWUjMrRU
34,I Against I,Jedi Mind Tricks,spotify:track:0qw4HLV9qhjtImWR7oxZAO
35,Animal Rap,Jedi Mind Tricks,spotify:track:3EnO1xD6jguCEEPLlYAOmx
36,Blood In Blood Out,Jedi Mind Tricks,spotify:track:3J879i79Um3fE6FB4kdAnS
37,Razorblade Salvation,Jedi Mind Tricks,spotify:track:2ulWTEGFSGdV85pweEluAS
38,Style Warz,Styles Of Beyond,spotify:track:6e01OuBaxMl0AbPI2cuvsn
39,Winnetka Exit,Styles Of Beyond,spotify:track:7bAUNwxcoIS66hTjXtJevF
40,Hollograms,Styles Of Beyond,spotify:track:2tTLwxIpowum0dnjLB2Wx4
41,Easy Back It Up,Styles Of Beyond,spotify:track:54Aw8m1aJqdAY8uhaQ62nY
42,Part II,Styles Of Beyond,spotify:track:3Xeux5lQr42JqMJbFMCbla
43,Marco Polo,Styles Of Beyond,spotify:track:0tBMof5sxT4mNX1g9RwH21
44,Be Your Dog,Styles Of Beyond,spotify:track:2izXRBwLFJ31VaIEgZthIf
45,Outta Control,Styles Of Beyond,spotify:track:6PnNKRrbkCSIudHj7h72xF
46,Bleach,Styles Of Beyond,spotify:track:5nsONLAvstWquETxASl3iH
47,Live Enough,Styles Of Beyond,spotify:track:4CTfFPU5oh5eQ5jTNLTlaP
48,Rule by a Fool,Louis Logic,spotify:track:7JFyt4Uck6tVB4ArzdfO2l
49,All Girls Cheat,Louis Logic,spotify:track:1DHnCICHMaihvzGhRO0MHH
50,Morning After Pill,Louis Logic,spotify:track:00UUWLHbHWmkGnwjTOc1M6
51,The Ugly Truth,Louis Logic,spotify:track:272l6PsFYeo5MZecVzPynx
52,None Shall Pass,Aesop Rock,spotify:track:5DJTYOAHZEKjNqXpOwnomi
53,Preservation,Aesop Rock,spotify:track:4m5zY9PRJvqPRDhDMJwSel
54,The Waitress,Atmosphere,spotify:track:0uxLPPtZJyckCmQB2aUEte
55,Daylight,Aesop Rock,spotify:track:3COHXcLRK9brRjMolzkD7Y
56,Dance with the Devil,Immortal Technique,spotify:track:7MDUVH4ITohsIjdynRwCJp
57,Point of No Return,Immortal Technique,spotify:track:5KUiLOgwUB2Y8dzTBv8j7R
58,Obnoxious,Immortal Technique,spotify:track:4GfhaqyXVJVRvwfC4NKlHB
59,Reality Check (feat. One Be Lo & Senim Silla),Binary Star,spotify:track:0ohevmkspqkIe3gd4JXVPi
60,Indy 500 (feat. Decompoze),Binary Star,spotify:track:5LNpXOGFarusDe0hRt76BK
61,Honest Expression (feat. Senim Silla & One Be Lo),Binary Star,spotify:track:3zTwulnxiddG0SbIr8ESr0
62,Self Explanatory,Classified,spotify:track:1vGPtGNyPkOQ21eiGg7GFj
63,"Quit While You're Ahead - Feat. Maestro Fresh Wes, Choclair and Moka Only",Classified,spotify:track:6x61BzA9xWp8sD2yyNOM8y
64,Acid Raindrops,People Under The Stairs,spotify:track:4MbV8zrWudQflnbiIzp29t
65,"Me, Myself & I",De La Soul,spotify:track:4I3yha3bxoiV7fgGdDfj5Y
66,Hip Hop Music,Braille,spotify:track:28IOL492MuKXHKWqwwJCP7
67,10 Years,Braille,spotify:track:17ckP5Fw0mbAZXlRaIaQRW
68,Let Go,Braille,spotify:track:5DMS9oXcu4aGTGNkSOccNR
69,Crack Pipes,Sage Francis,spotify:track:6H3dvdtj2ecz0nSmFKLm45
70,Hell Of A Year,Sage Francis,spotify:track:28icsShJmdYL4J97tCkChF
71,Lazy Daze in California,Language Arts Crew,spotify:track:3Wo3DT7hIwbp40V3UGH2PE
72,Old Kids (Feat. Lee Pardini),Language Arts Crew,spotify:track:0C7oNWpxAtUt9Ztjew2kgS
73,Forest Whitiker,Brother Ali,spotify:track:5PN0z8n30Cunx3hgXmC89s
74,Self Taught,Brother Ali,spotify:track:3Zy4sYP2smhCciZlMN3nJh
75,Good Lord,Brother Ali,spotify:track:1BPTJiyKwBZEeioeQDWiiD
76,Tight Rope,Brother Ali,spotify:track:4A6okeAlBwBvnfkJqR8pW6
77,Babygirl,Brother Ali,spotify:track:4wbzjcDDvvvFZcC10gQgin
78,Bad Mufucker Pt. II,Brother Ali,spotify:track:69uDdIs1YwS4A2WgqXa4nQ
79,No Rest For The Weary,Blue Scholars,spotify:track:3C1EQ6svPHTu33UblXARAK
80,You Never Knew,Hieroglyphics,spotify:track:3Dh10QBwBWVQAMJNNhLRq4
81,3 Foot Tall,Classified,spotify:track:4EkXHwwBPQvd8mEdP3wOVB
82,Fall From Paradise,Classified,spotify:track:0H1OureTxinowEaDHuR3pp
83,Sadtimes,Black Panther,spotify:track:3r1wU4le1hLhskhka29uFR
84,Concrete Schoolyard,Jurassic 5,spotify:track:5ckVDfifdJnKEabvjojde4
85,Work It Out,Jurassic 5,spotify:track:34cB7rNWtWUgohEe8N8HWb
86,Jayou,Jurassic 5,spotify:track:4ZxTVvQnd9waywoxnfl5pm
87,High Fidelity,Jurassic 5,spotify:track:74wh9N4UMPpaU0URTP4b0R
88,The Only One,Danger Mouse & Jemini,spotify:track:2FflsQ1h0F0wqPdU1eJSqd
89,Ghetto Pop Life,Danger Mouse & Jemini,spotify:track:1uq0uDQxvc45lE6ZxsSWZl
90,Medieval,Danger Mouse & Jemini,spotify:track:2WzbbRvVy62GSbPImBHvVi
91,Final Frontier,RJD2,spotify:track:44zrSxAr03554aTFTVWp69
92,Good Times Roll Pt. 2,RJD2,spotify:track:1wqots029Xc1ebpYdUcmJc
93,Can I Kick It?,A Tribe Called Quest,spotify:track:5q6pg1kvXfT7z5MqG0KKSs
94,Bakin Soda In Minnesota,Andre Nickatina,spotify:track:05jNrrouvvb07kGZ75ML2q
95,"Too Easy (feat. Akrobatik, J-Live, Supastition, Pack FM)",DJ JS-1,spotify:track:7jsZ25URQVXwZSrlQXDtJu
96,Trying To Find A Balance,Atmosphere,spotify:track:0eE58rFwPTkITwhfXLZ3vb
97,"Nuthin' Remix (feat. CL Smooth, Brother Ali, Sadat X)",DJ JS-1,spotify:track:2rST549gOAgIo8SBNPos8a
98,Drinking with My Headphones On,E-Dubble,spotify:track:0XND3SA4Cg5lPdcD0OS2F0
99,Changed My Mind,E-Dubble,spotify:track:4rRiFaovckVckTLFNEXOen
100,Passin' Me By,The Pharcyde,spotify:track:3uL6TadCXEHYnrPM0h8JvS
101,Runnin',The Pharcyde,spotify:track:5pFXepfAbXlLUm5vBZXXXW
102,Kiss the Sky,A Plus,spotify:track:0POYzKhHaY8xiHlgBUxQOq
103,Hard Times,Doujah Raze,spotify:track:3fxvQWehLLzfxC6SA99UjD
104,The Love Song,K-OS,spotify:track:5xcAWg492eKuxNbqLftIqj
105,I Wish I Knew Natalie Portman,K-OS,spotify:track:5abUIeDXOlVlWAusRLj4Ua
106,Bullet (feat. Citizen Cope),Rhymefest,spotify:track:5tJeaLtolSmq2v0uoz7ZtL
107,Build Me Up (feat. O.D.B.),Rhymefest,spotify:track:49Q7YpC12D4WxtEKT5K44j
108,Elements of Style,All Natural,spotify:track:1eeWXyDCxcPZabVaXtRocp
109,Let It Be,Dyme Def,spotify:track:3gqnOpefgHHJ9QERNtIblj
110,For the World,Dyme Def,spotify:track:7ewETpV7I7yeg5EK3oVRoZ
111,The Game Needs Me,Dyme Def,spotify:track:1WY4Xxbpmo3sLpGhnQuGck
112,A Lotta Rappers,Dyme Def,spotify:track:2RinuBeWdcFUCnouVSp0wz
113,Mega Man,Dyme Def,spotify:track:0aVQb5CaK7eY8X7oN6tNNr
114,High Road (feat. John Legend),Fort Minor,spotify:track:2AA5klURPYteKbL2D7vtWP
115,Remember the Name (feat. Styles of Beyond),Fort Minor,spotify:track:6ljbkNIzfmFrGyYUTUAleN
116,Two Track Mind,Prolyphic & Reanimator,spotify:track:27JdtP6P8OmKQDcRNC8o2U
117,Ordinary Guys,Blue Scholars,spotify:track:1iaamYfsOEFdFIoPqhAGmk
118,Opening Salvo,Blue Scholars,spotify:track:7zCIWVaLOmbKNhfrDhffty
119,Hand-Me-Downs,Soul Position,spotify:track:0mOxSD08goODaCjLWfbaNT
120,Mic Control,Soul Position,spotify:track:5g6CtvhHVEJroNbu2GFgdf
121,Everything Changes (Feat. Mystic),Aceyalone,spotify:track:0DiDD987yNtsS2euHTMONh
122,All For U,Aceyalone & RJD2,spotify:track:08GorYXodaHtx6zSyLepCb
123,Disconnected,Aceyalone & RJD2,spotify:track:6vUIvvmU8QAnhv0qJKjW4E
124,Show Em a Better Way,Aceyalone,spotify:track:4aZonfsijldMbMN1j3AQ5b
125,Lifetime Season,Squashy Nice,spotify:track:1eGyu6HgQreFOylrBYHcLr
126,Get Up,Kaboose,spotify:track:7MtzY9n2phhsMSdgx4zBmy
127,This Way,Dilated Peoples,spotify:track:6ENJiFz2P8cNu1yftOI5rI
128,"You Can't Hide, You Can't Run",Dilated Peoples,spotify:track:2dqO8QFTNUlev2VmCnK5IO
129,The Platform,Dilated Peoples,spotify:track:1BbYPTXP9VwBWm44MqLyHK
130,Live On Stage - Live,Dilated Peoples,spotify:track:1KHwOEfmH4dwbOz6t9uSR4
131,Worst Comes To Worst - Edited,Dilated Peoples,spotify:track:7aSnPAggMMgElb6BgXeSEw
132,Close to Home,Sweatshop Union,spotify:track:2GmJCS5jCWYE6hBjQlGApB
133,The Inkwell,Blue Scholars,spotify:track:5OTTkHVa9RPlyZQlBdAMSn
134,Sleep Awake,Soulcrate Music,spotify:track:2Zm3BwkBKh34GRIRTlYR2T
135,Evil In It,Soulcrate Music,spotify:track:7cjOrjPIN5X8heoh9BKawb
136,Made It Break,Soulcrate Music,spotify:track:0XA9huOAUdmOrSgJbIowEc
137,Mastermind,Deltron 3030,spotify:track:0uMn8WKu3qtQLaUyal1bsz
138,3030,Deltron 3030,spotify:track:39GBFwBe4GGk7i3yr3F46P
139,Things You Can Do,Deltron 3030,spotify:track:3LRUR23xkDdMSOPhTnLv2d
140,Madness,Deltron 3030,spotify:track:2Mh3mh3aKeAgLKaUyDQZbv
141,Little By Little - NBA2k11,The Chicharones,spotify:track:4fMGWuUJawEldS0lKnJibc
142,Ms. Hill,Talib Kweli,spotify:track:26xtHEq40YTfjAij523Ml6
143,Get By,Talib Kweli,spotify:track:1LM6EReMkAxuDXDF26ekl2
144,Full Clip,Gang Starr,spotify:track:30oTS7bm0aH3p7lqjEIu8q
145,Work,Gang Starr,spotify:track:0FzxHygj55RdtuNhmSyGe5
146,Moment Of Truth,Gang Starr,spotify:track:1fotoYONO343JjbC8XvPSl
147,Above The Clouds,Gang Starr,spotify:track:3ZBSXNYdTZVaBUQI3E2rF6
148,Rite Where U Stand,Gang Starr,spotify:track:1KnUt0rICeoLFYPSL40fsU
149,Mass Appeal,Gang Starr,spotify:track:1dJNuQQ5Zp06oBlnwpiNzT
150,You Know My Steez,Gang Starr,spotify:track:7rMeV0rIjzePISDXZTfM1v
151,Code Of The Streets,Gang Starr,spotify:track:4TK1fmhOkCxVXfBGcqGrhz
152,Check The Technique,Gang Starr,spotify:track:5QEjxzBo0nKNnuynIpVgsf
153,They Come Around,Evil Ebenezer,spotify:track:23glwCFiw0keu7SlXkN505
154,Phoney Phranchise,Del The Funky Homosapien,spotify:track:7sxkwqRViludx6WuqQNDBd
155,D.S.W.G. - Dark Skinned White Girls,Murs,spotify:track:6cihcPMGsZySkDnJxocNpS
156,Yesterday,Atmosphere,spotify:track:61OMCRdMORzZKZ5ury05iG
157,Told You So,Evil Ebenezer,spotify:track:3B6CEQokPqlzrU0vidxQnL
158,If You Can't Say Love,Visionaries,spotify:track:1ozUsX6pyCYoqgErgscNv9
159,Love (Hip Hop),Visionaries,spotify:track:7zMzPB1LZrlJ3suKHGxP7q
160,Momentum,Visionaries,spotify:track:3dONhYUrHpvvwLS8uAxMFM
161,Blah Blah Blah,Brother Ali,spotify:track:2skl05DTsbPKqgmyL7u51L
162,Heads Down (You Haven't Done That Yet),Brother Ali,spotify:track:0D2Y3PCqVbbjPPVIpMBVzb
163,Keep Moving,Sage Francis,spotify:track:5t375oPYZbfweAvV3U2utP
164,Inherited Scars,Sage Francis,spotify:track:7dYI31hHnDxhaybl437QdW
165,Broken Wings,Sage Francis,spotify:track:1dPN5g6ot3CB0I0QdlNk0C
166,Climb Trees,Sage Francis,spotify:track:2lAUp4ieSCOqz9SqbT8lMY
167,Poetry In Motion - Part 2,Braille,spotify:track:4k5F5rVsULwUfIRj0Yil49
168,Scarlett Morning,Language Arts Crew,spotify:track:4axcD2OCkvySdLjTlRwxAe
169,Drama City (Feat. Itchty the Killer),Language Arts Crew,spotify:track:4KpoFdEI5zRpk8h3IAL2N7
170,Freedom of Speech,Immortal Technique,spotify:track:6fx3RqwMuR3k7M1bCpUFKJ
171,Peruvian Cocaine,Immortal Technique,spotify:track:6oQgrY3uZramOg13ylYe82
172,Dorian,Brother Ali,spotify:track:7dtd9FVKBc5TllOFnaB21c
173,Mr.,The Crest,spotify:track:0Dx34JSpjOtaxmCTRNPg3A
174,The Hard Road,Hilltop Hoods,spotify:track:38nTJHHydB7uTU71tQXmPV
175,Recapturing The Vibe,Hilltop Hoods,spotify:track:1JYErfYyXO5H7z8WG02F4z
176,Award Tour,A Tribe Called Quest,spotify:track:0qOcGXEuXu66OQwWRyqFxD
177,No Half Smokin,Blueprint,spotify:track:2h8VF6qMNVHT9a8VreLSQw
178,Obsolete,The Orphanage,spotify:track:12D8JtOdhOtFIlmpAgQ7pH
179,Heartsprings,Heiruspecs,spotify:track:0QgMGFveNoqA4jMBUlePj3
180,Pay Homage,windchILL,spotify:track:0dJv3136UmiG33auJymvXU
181,Opposite of Fair,The Chicharones,spotify:track:7tFbJjKTA56Mp7dPHJvwUk
182,Calm Down Baby,Mac Lethal,spotify:track:6tqQfCbXokmSfTulWIfYf8
183,Popcorn,Solillaquists of Sound,spotify:track:4pqtqfmb1O3NTL010Gb3PJ
184,Rhythm,AWOL One,spotify:track:2zQZFdgdxxiMA3MusW3POH
185,Dirty Girl,Felt,spotify:track:4xykfP0D0SHznefjCK3Ezm
186,Hot Bars,Felt,spotify:track:6sU4uUPhisfvsmfmrGVHQz
187,Miracle,Move.meant,spotify:track:4z66GXt8yXaxijM8cEe7hr
188,Harriet Tubman pt. 2,Solillaquists of Sound,spotify:track:2jPsvSfbr5PwkZiQnAxvjp
189,Nothing To Give,Cunninlynguists,spotify:track:1uMoysUkgNW5kBexQUcEK5
190,Hourglass,Cunninlynguists,spotify:track:27SUFEhCpOTwYGdvzCbRpK
191,Lambslaughter,Molemen,spotify:track:6cBsDllg9AfzuOeWWrFcG4
192,The Science,Cali Agents,spotify:track:7nLg5XnuZ8Ek3e2WIZV6pO
193,What It Is - Feat. Concise Kilgore,Cali Agents,spotify:track:3UlUpHzDAURWj02PEULLcT
194,Neva Forget,Cali Agents,spotify:track:1Zonfgke599Z9UMCVK6peB
195,Ear Drums Pop - Remix,Dilated Peoples,spotify:track:310EKBuhAZEPsfGTv3mFe1
196,Move On,Move.meant,spotify:track:6hr0IuCaduUAK4H20kSrRN
197,Str8upndown,Move.meant,spotify:track:5oDkvzIDIB8bnuSnyrWLnU
198,As If We Existed,Solillaquists of Sound,spotify:track:2rMKFMLGG9OSzcOVbOOVgG
199,93 'Til Infinity,Souls Of Mischief,spotify:track:2MlV4hyxUgN9zjFUqWvWFb
200,Trouble,Classified,spotify:track:0iABDuLnC8TQUtUZq2nvdP
201,Hard To Be Hip-Hop,Classified Featuring Maestro Fresh Wes,spotify:track:0CjKkTEemdkXKUuqcrdw7g
202,Guys Like Me,The Chicharones,spotify:track:7dXvKIUAwjXiA7zQmSQ3Qj
203,Less One,Atmosphere,spotify:track:1jCPoLQGme7bqOzKAstiHS
204,Palm The Joker,Brother Ali,spotify:track:0uAnRlaQnB54jVh37YwfP9
205,Bird's Eye View,Zion I,spotify:track:2gdEfFFTRU8ylaqteESdk2
206,Critical,Zion I,spotify:track:2b2NigYQ8fKfRbnAYWN9qD
207,Simple Man,The Grouch,spotify:track:6jj5Oy2Y7GWplWxRKWLBYD
208,They Reminisce Over You,Pete Rock,spotify:track:4ZRtTVuqWKDAVyHxySfgrX
209,The Best Secret,Pete Rock,spotify:track:36wxM62manWYc0MZsXVGYc
210,Dysfunctional,Tech N9ne Collabos,spotify:track:6HIXmNNo0xU97LSifp8j2b
211,Underground Sound,Styles of Beyond,spotify:local:Styles+of+Beyond:B-Sides%2C+Guest+Shots+%26+Freestyles+Version+1.0:Underground+Sound:234
212,Starlight,Snowgoons,spotify:track:3Y90V6K1k362tTnaYKUBt0
213,This Is Where The Fun Stops,Snowgoons,spotify:track:66Fk8hz7BIpmralfvfGxYe
214,Casualties Of War,Snowgoons,spotify:track:5x2YzTynEimBRHxfrV4p5r
215,Serve Justice,Snowgoons,spotify:track:2iPOubVQj7HfcbjUfvePEK
216,Oh My God,A Tribe Called Quest,spotify:track:6FI3RJ58Ztl0X1VtA6pVs9
217,We Can Get Down,A Tribe Called Quest,spotify:track:4tnbcPfOSZq5VAU67XxIdN
218,Steve Biko (Stir It Up),A Tribe Called Quest,spotify:track:671sDyeE398eD0sdGuVbZU
219,Tell A Story,Rhymefest,spotify:track:5nHQuxTD8nfwcWRAi1KeMB
220,The Thing About It,Sweatshop Union,spotify:track:2sJWgvdlfT5BNJ8MgbbTsb
221,Radio Edit,Sweatshop Union,spotify:track:1EeuOVl8ZxeRdoqFt74h46
222,Stuck (f. Slug),Sage Francis,spotify:track:0CBQiaP6YDOiVawSGJSqAR
223,Runaways,Sage Francis,spotify:track:04oyzUOjLKnc3M4HkGNZ2w
224,Leaving the Past,Immortal Technique,spotify:track:6msTUCqIfVOWe7pzWGzh6F
225,Harlem Streets,Immortal Technique,spotify:track:34LBJLixYcHwdUr3bntzWx
226,Me - Time (With The Pulmonary Palimpsest),Busdriver,spotify:track:4GbSnGN7DeChis4jFAoKFG
227,I Think I'm Emma Goldman,Sole,spotify:track:1IVNeQdh9xmTq35S40V6vD
228,Battle,Gang Starr,spotify:track:4Ix8BBZ5b2V61R2kABW4Hy
229,Never Come Down (The Brownie Song),Cunninlynguists,spotify:track:6BhhdAIPRwbf4s6yEx52LC
230,Stars Shine Brightest (In The Darkest Of Night) F. Rick Warren,Cunninlynguists,spotify:track:6KsqFiw7IDFQM7QHBORGlN
231,Lynguistics [Deluxe Edition],Cunninlynguists,spotify:track:3jbY9X0XZcdMMGmqI6c8ys
232,Thugged Out Since Cub Scouts (feat. J. Bully Mr. Raw),Cunninlynguists,spotify:track:6QEEi2FcoqsYpD9Vsavfuk
233,The South [Deluxe Edition],Cunninlynguists,spotify:track:5fQCYelOyprxL6QIQgVLGC
234,Old School [Deluxe Edition],Cunninlynguists,spotify:track:3LRLcTrKBTp9AyQdpx8H5R
235,Inspiration,Classified,spotify:track:4IAFQjJe0TVkfETr4OVW3y
236,Back Home The Return,Common Market,spotify:track:6CaxU8GNULoCbUXV1zVFDC
237,The Past Time,Language Arts Crew,spotify:track:7GPSvwko9uI4IzFU3Xq7dU
238,9 to 5 (Feat. XI),Language Arts Crew,spotify:track:79PY5Ra9aeGHshCpvc46RV
239,Token Love Song,Language Arts Crew,spotify:track:1qyyCUFHX9HkRmpatiixsl
240,Future Sound,Jurassic 5,spotify:track:1tGZX1Hml2hStdcFqcH8UI
241,Canto De Ossanha,Jurassic 5,spotify:track:2Mw9lHRbSkcIgSk0DZUzeY
242,Trail Of Lies,Jedi Mind Tricks,spotify:track:1DgvzZaNoleVLiUuZA4266
243,Death Messiah,Jedi Mind Tricks,spotify:track:2jAeAhacIfLBWbTMMBMf0o
244,On The Eve Of War (Julio Caesar Chavez Mix),Jedi Mind Tricks,spotify:track:6ohk6OrthqZP3UAgHODmB1
245,Heavenly Divine,Jedi Mind Tricks,spotify:track:3a2gC1EdkkUlqGgCw6Rbmx
246,The Nosebleed Section,Hilltop Hoods,spotify:track:4uNvoU9NxYeBPazI4fkGr7
247,I Love It,Hilltop Hoods,spotify:track:6dNyd16jF80NK50eZtOOYa
248,Stick 'Em Up,Dyme Def,spotify:track:1FW6EZlAkPdUzJd7kxzwGw
249,Audio Technician (feat Lifelong & Immortal Technique),DJ JS-1,spotify:track:641VhSgSBkW4VpPbnWILwN
250,Time Keeps on Slipping,Deltron 3030,spotify:track:4a7iNsBx9sIDcqv0AdmFKn
251,If You Must,Del The Funky Homosapien,spotify:track:4QdtxZiSFl0GYrXWOHc3y8
252,Freakin Flo's (Feat. OneBeLo),Decompoze,spotify:track:0uT1ouPTLJIFsn79DOExJt
253,Live on Both Sides (LP version),Danger Mouse & Jemini,spotify:track:0lPRgJe7HlOxJVegJewa8k
254,Try All You Want,Arch Rival,spotify:track:4rBQ6MMC79kLj2fAJ4RoiI
255,Ayo,Andre Nickatina,spotify:track:5Y75mqfgO2gnklHksc0bKR
256,Lost Your Mind,Aceyalone,spotify:track:5XXGWEHendPnHdccuC0Slc
257,Come With Me,windchILL,spotify:track:0PwN3VmrMUR8JijfKqyhOr
258,Battle of the Shadow,Hieroglyphics,spotify:track:0Uoy6tddffAsKaMFiQ5cZV
259,Make Your Move,Hieroglyphics,spotify:track:1265N14L1xyzKNr5XZzuTP
260,Classic,Hieroglyphics,spotify:track:5JbgObBg4B9fmwMxH3hI5Z
261,Make You Feel That Way,Blackalicious,spotify:track:4TlYG3mKosVWfGbb9VfDh3
262,Callin' Out,Lyrics Born,spotify:track:5KlTOymbOK9mGGHSFHcslP
263,Ready To Rock,Oddisee,spotify:track:0gJrV0nwIkYvzj5Qc240RZ
264,Own Appeal,Oddisee,spotify:track:2xFxMCpPRIsgXkND5gG4aA
265,Do It All,Oddisee,spotify:track:1lPgBQLOGn7Wp6vrhdlNoV
266,Tangible Dream,Oddisee,spotify:track:230KmivxIhCtBbVdaKPhLb
267,Let It Go,Oddisee,spotify:track:1fwyVXwWU9DHEFNaWZbtLH
268,Magnolia,Lushlife,spotify:track:5gkxP5JWlGBrocrWRnNVbD
269,In Soft Focus feat. Ariel Pink and Elzhi,Lushlife,spotify:track:4YhK1GFFelwAyO0G1CPZaN
270,Still I Hear the Word Progress (ft. Styles P),Lushlife,spotify:track:1HGMncluCevglNfFRTDeme
271,Next Levels,King Geedorah,spotify:track:58MeeOMk6PMQxXWY9YCNPD
272,Workin' Man Blues,Aceyalone,spotify:track:1mjaSeDNZo4RIfsODIbjvE
273,Maintain,CYNE,spotify:track:19uRWxrBqI1QN5hgAszXDj
274,Hellohihey,Lifesavas,spotify:track:35J5fWBYFx1LTut0JwXxgh
275,Due Process,Lone Catalysts,spotify:track:2VcNcq4NSIHtTgugcYa10v
276,Ones We Miss,Lone Catalysts,spotify:track:2EvWiZk8kymisyyN7mcCWR
277,How Long Will You Need Me,Lone Catalysts,spotify:track:4KpjVjtAafYxGVNcypDUbg
278,Acid Hip-Hop,Acid Reign,spotify:track:6SfMsAB6Xgcz5hg4n8fZ0F
279,Up All Night,Classified,spotify:track:1D8thG3EhPef8VS6LUD7AW
280,Breaking Up,Classified,spotify:track:3POLZUJo2nHdOWutMQ58II
281,Beatinâ€™ It,Classified Featuring Jordan Croucher,spotify:track:2VwLCof6CkoBN7aOE67Z2k
282,Still Got It,Classified,spotify:track:4zx3gTxc9S5S7sOV5mWUKW
283,The Day Doesn't Die,Classified,spotify:track:77SEuXiZPAUKqmwifOgSYf
284,If You Only Knew,Jurassic 5,spotify:track:5qYfagTXXJAaHifv8vhyiV
285,What Goes Around - Dirty,Move.meant,spotify:track:44x2gw3quicKHwgEN75FdC
286,Gunpowder Language,Move.meant,spotify:track:5oU9FsYNvBkgRdgqsvWAKl
287,Montego Slay,People Under The Stairs,spotify:track:6WBzCRqjK96aKBvKiIyiZO
288,Learn From It,Soulcrate Music,spotify:track:0hzNTiFfkhQn18xg4JRlCD
289,Conquistadors (feat. Senim Silla & One Be Lo),Binary Star,spotify:track:3tSIhF0dNvyE4KkLYrBwtc
290,The Abusing of The Rib,Atmosphere,spotify:track:0AqdFhJyCyeJ9nO4MzFekW
291,"Fellowship (feat. Senim Silla, One Be Lo & Athletic Mic League)",Binary Star,spotify:track:7qMiNZ3rL33wO2SlFkYU9M
292,New Hip Hop (feat. Senim Silla & One Be Lo),Binary Star,spotify:track:6GcZR5KScIxgm7XGxCxzH1
293,Masters of the Universe (feat. One Be Lo & Senim Silla),Binary Star,spotify:track:6l7VfpH5ODEgDzYVRZviXf
294,Glen Close (feat. One Be Lo),Binary Star,spotify:track:7DOdB5tRRuVVoOkEuyCyTd
295,Evolution of Man (feat. One Be Lo & Brenda J),Binary Star,spotify:track:3dNfkFWsoYKxo2mCT81m0O
296,Don't Stop,Chali 2na,spotify:track:7i8p7y2jnmHZesoiASlBgw
297,Comin' Thru,Chali 2na,spotify:track:3BaqMzroundrZNRz0RsIJ3
298,My Volvo,Grynch,spotify:track:0N0N3DaEk3iaMdNeBaNS7j
299,I'm Good (feat. Sol),Grynch,spotify:track:5h8IM1G3h25G58oxTNRr2e
300,Mister Rogers,Grynch,spotify:track:7wKTvEg0rGzS2eUzXCsGXZ
301,Perspective,Grynch,spotify:track:4Zb7ZRbxuG5W6NytUZSoLi
302,All I Wanna Do (Feat. Sol),Grynch,spotify:track:0e2Vla6x8xsINUSbsgB5SM
303,It's All Love,Wax And EOM,spotify:track:495zAsiAbmFErNA0j0nWDz
304,Ridiculous - Feat. Herbal T Plus Bakktron And Raw B Of The Grille,Wax And EOM,spotify:track:4L9KdQgFYMfU0nVINYkJ0v
305,Music And Liquor,Wax And EOM,spotify:track:17ifYcHb9RH3ykNfzECqOI
306,Summer In The City,Wax And EOM,spotify:track:5wt5PJovwP69GeHsPKYX47
307,Plucking Daisies,PackFM,spotify:track:54XKIjN8eKHVt7hI5WZGzo
308,"Click, Clack & Spray - Original Version",PackFM,spotify:track:2otjtE2IBxXQPUMor7V3wv
309,Wanna Know (ft. Deacon The Villain),PackFM,spotify:track:2Ii20CVuYBWLmm5kd4lFx6
310,Nasty,PackFM,spotify:track:2ZEGrpSl4XsulwM67Ef23k
311,I Can't Win,PackFM,spotify:track:6cK5GSZyIUxksGodoLNyjK
312,Forevershine,PackFM,spotify:track:25OgP5wCD6BlvQvzeT50yf
313,Put Your Quarter Up,Molemen,spotify:track:0DEsTi2GHnNWbIDWzTRO19
314,Smoke,Richie Cunning,spotify:track:3fzRS1ydJTn7iBMknwncou
315,Last Stop,Richie Cunning,spotify:track:5qERchIOnGeLFaBCsj8GOB
316,One Dollar Wonder,Richie Cunning,spotify:track:1AObg07AFrRgcJabO7teME
317,The Red Carpet feat. Raekwon & Ras Kass,Evidence,spotify:track:76GeR6bNSbsv8LqBladPdJ
318,Scapegoat,Atmosphere,spotify:track:6AAyMSlXXbPgimEQIn2Gsu
319,Cuando Limpia El Humo,Atmosphere,spotify:track:2czl7RBKC4Vau36xJ1jFz4
320,Sound Is Vibration,Atmosphere,spotify:track:1vMM8ZJL9T2XHSwo7V5aL5
321,The Woman with the Tattooed Hands,Atmosphere,spotify:track:1j9VtlmHtMqicSBWIxYW4v
322,Don't Ever Fucking Question That,Atmosphere,spotify:track:6wUhjJzN7cvzoOX3Zpl8B0
323,Between The Lines,Atmosphere,spotify:track:0hcExTjYG71tbDB0eHTfqV
324,Modern Man's Hustle,Atmosphere,spotify:track:2b4dO5Yq8bZnCfDN9mfg0W
325,F'@k You Lucy,Atmosphere,spotify:track:5bucc34poGOBnycWgSqHev
326,Lovelife,Atmosphere,spotify:track:4zymqS9O6yaMKtKes0a0gu
327,Do The Pigeon,Pigeon John,spotify:track:4NJjS4IlqOn6AFNePqyLgG
328,As We Know It,Pigeon John,spotify:track:1loqccFFkijYimA9km48Ub
329,Property and Malt Liquor,Solillaquists of Sound,spotify:track:5j9sigBcQwxnX7plOnbpmM
330,Our 2 Cents,Solillaquists of Sound,spotify:track:3l6EwmkhyVz7k2Y4cB2yfT
331,"Death of the Muse (Ft. Ma Dukes, J-Live, & Chali 2na)",Solillaquists of Sound,spotify:track:5KGKEWG8itbNybzoxHn4bN
332,Try,Sweatshop Union,spotify:track:0EBbMKQA633l0BMu2J1WOg
333,Happymess,Atmosphere,spotify:track:7759jAUmQGswMXpuccMb01
334,Hope,Pete Philly & Perquisite,spotify:track:5OZ6J57ULSzJo0wgr8RnZB
335,Lazy,Pete Philly & Perquisite,spotify:track:53MKpdGiuO2JF1telxgk5x
336,The Upgrade Feat. Oddisee & Posdanous - Main,J-Live,spotify:track:4RrIFIMm06X4SfhsO3o7Pj
337,Let Your Hair Down,Kidz In The Hall,spotify:track:6h2eIn4MOfIRAiDDyDbxqt
338,Occasion,Kidz In The Hall,spotify:track:7HuBWMPRI6VO069zwiED7H
339,Take Over the World,Kidz In The Hall,spotify:track:4am4ChJbo6BehK74abL5U4
340,Snake Oil,Typical Cats,spotify:track:6QZxG3hnWlmrLhPv4QX3nE
341,Dope Transmission,Sound Providers,spotify:track:0Y5avr8vA3O2ZUeuo9cviZ
342,The Field,Sound Providers,spotify:track:5RVfHFZ6VfYUVQtlYioVrn
343,Get Down,Sound Providers,spotify:track:5h3qxIwBzJXkzQBzpHmkDa
344,Place To Be,Surreal and The Sound Providers,spotify:track:0P1RxWw99gHyV6VT7JLlGS
345,The Lesson,Surreal and The Sound Providers,spotify:track:2xyOtLgHJgu3d22rGTxXQ2
346,Truth Be Told,Surreal and The Sound Providers,spotify:track:7LjpUqdbywbsg6CZWvb9FV
347,Push On,Surreal and The Sound Providers,spotify:track:7lixpebHuNU5as8fa3EjtP
348,Night To Remember,Surreal and The Sound Providers,spotify:track:1sdXk3NpXUvYeSE2N0FulB
349,Walk In The Park,Surreal and The Sound Providers,spotify:track:5LTuHr3LuBo8n6cy8HeB9Z
350,Remind My Soul,Akrobatik,spotify:track:3TTcFDSWySznGQc0n4Glg0
351,Thieves In The Night,Black Star,spotify:track:7tx1TUJrT6qxXFXAELqbev
352,K.O.S. (Determination),Black Star,spotify:track:3DC6AWwtPhlhsBOm4pFkt1
353,The Becoming,Little Brother,spotify:track:1VSonOUtMF0ljEqu4vz7ti
354,Whatever You Say,Little Brother,spotify:track:39yRgoj3Ig9MkW8WjP3mVC
355,Lovin' It (feat. Joe Scudda),Little Brother,spotify:track:6piDHcH0vdPWzIg2uU2q3K
356,Not Enough,Little Brother,spotify:track:7JxA6bPIyXNohnrTw6CzS0
357,That's It,Sound Providers,spotify:track:5RHtKyMKNti4ki89D2e2h6
358,Up & Down,Cesar Comanche,spotify:track:6yiFrm7zb3tvQ2RFsqP5Rz
359,Fake Friends,Cesar Comanche,spotify:track:29hJ8QB70u9e8u7sJDWTSl
360,Office Space,Sweatshop Union,spotify:track:4zDR3ddb1PXDksrYpMR9sz
361,Diamonds On The Inside,Input,spotify:track:5R2BvQeR8DjNVisiI1Vlk0
362,Voices Within (Feat. Mac Lethal & Caleb Slade),Broken,spotify:track:1lDvYdMj1xexIMZIzhGKvE
363,Fall Guy,Sleep Of Oldominion,spotify:track:4O2I4oN6r8oWWuW6OyNrUT
364,Face in the Clouds,Sandpeople,spotify:track:1NnQt95hx466iNuoj4KCRM
365,I Don't Care,Sandpeople,spotify:track:5KVE3yE2Vnjo3LzPHPrRji
366,Hate Aside,Sandpeople,spotify:track:2MK1qXojjoXSnkYX5HqcUJ
367,Letterhead Remix (feat. Macklemore),Sandpeople,spotify:track:3o4jEjaTtAAV7pZDD2Ld8B
368,Smile,Eyedea & Abilities,spotify:track:35v12v3E5bTVm0o5vdddVS
369,Now,Eyedea & Abilities,spotify:track:1VQNjlmi6neb4iUuPPj9i6
370,Exhausted Love,Eyedea & Abilities,spotify:track:53KoDPX0NgCiiPrJPcUTLf
371,My Alien Girlfriend,Slug,spotify:track:10iAG9VFWy2Xn3frFZFOq0
372,Martyr Theme Song,Slug,spotify:track:76jnIJhZN8ua3C79z6sf4F
373,For Old Time's Sake(feat. Asheru Of Unspoken Heard),Sound Providers,spotify:track:1Gh8T9q2YzlI8DprN63ZOM
374,Dreams,Copperpot,spotify:track:5cXeLruCc1HsMmCoSuzfMj
375,Art of Rap,Copperpot,spotify:track:47Tb5YAfIYatIuZYsrdJIx
376,Mflue,Copperpot,spotify:track:3m1Vb6bWKZ05KGFZeCmWTC
377,Take'n'over,Copperpot,spotify:track:1PGgJxuf79qug3DazQrYTb
378,Sound Of The City Ft. Fat Ray And Elzhi,Black Milk,spotify:track:1OKr1qYpO1Elz8eb5oUK2O
379,Losing Out feat. Royce da 5'9,Black Milk,spotify:track:5kCAHEDCel0jVMsWcjMHMV
380,Sunday's Best,Black Milk,spotify:track:5B2vVYffAL9Owkh3EJyLyU
381,Interpret Sabotage (feat. Mel),Black Milk,spotify:track:6GfPDHFsbZYos5tHQlOFw9
382,Monday's Worst,Black Milk,spotify:track:07JslYb2m5SGe2D47GKOHI
383,Cold Day,Black Milk,spotify:track:7b2Qz5V8Wqgp2cTDGycGNN
384,The Station,Richie Cunning,spotify:track:7FzYtj22otx8XngOJmURHr
385,Night Train,Richie Cunning,spotify:track:6ODAmKOCAdkK7ZrXYv1Kzt
386,I'll Be Ok (feat. Slug),Aesop Rock,spotify:track:5lBjKm0YbgCQdKRcvDzPAJ
387,Hand's Up,Antix,spotify:track:7eY8T4XpsgiEvTq7uWcYnO
388,Price Of Livin,Da Grassroots ft. Mr. Roam,spotify:track:5KU4mAw9NP28hPIKJ6m7YL
389,Meridian Sound [Part Three],Lushlife,spotify:track:6nUiC3Z0KgnESs3MbphCwQ
390,Alone,L'Orange,spotify:track:6pDiCgPAeGn3BRlHwQKXc2
391,Need You (feat. Blu),L'Orange,spotify:track:5LnjdAJ0RTLl7bWmfIuecP
392,Anotha One,Apollo Brown,spotify:track:4w4YE7ckKVitaKRbAfaJpR
393,Why the World Weeps (feat. Mello-D & Steph the Sapphic Songstress),Bop Alloy,spotify:track:6zxUXxi0es8DxQQ9WiK5iF
394,King Amongst Many,Horrorshow,spotify:track:0BJNWrHddhZzMHgZ8jfU8G
395,Another Day in the Life (feat. Mr. Sos & Cise Star),Bop Alloy,spotify:track:7Kqsj7WLRqZMe1ypKSTNQP
396,Breath of Air,Grieves,spotify:track:7DBu2gRl4jayDhfq85LUkD
397,Wild,Shad,spotify:track:0KTGdHCv2rIQyrGlR1RXfO
398,"Lead the Followers (feat. Steph the Sapphic Songstress, Tunji, Edgar Allen Floe & Niles)",Bop Alloy,spotify:track:5uRpKWJ6nCs1dferszk692
399,Whoa is Me,Grieves,spotify:track:1I7P3xEevsjvbW5LW1oHmH
400,"Raw (feat. Godly MC, Toine, Kev Brown) - Oddisee Remix",Mello Music Group,spotify:track:2bxkYCNKVkEPduzosEqcEa
401,The Pain Is Gone (feat. Murs & Apollo Brown),Mello Music Group,spotify:track:6AR0d6MSxPKggg4Ramu3JG
402,The Kindness,Lushlife,spotify:track:7wv0ZfPdJtE5nK7j3khdBX
403,Outro Flow (feat. Trek Life & Toine),Oddisee,spotify:track:0sUBvKevpkPzobyzFanvKo
404,Listen Close,Horrorshow,spotify:track:2WvrKb9ruhfEG914UkyAwv
405,Shot in the Dark (feat. Grieves),Soulcrate Music,spotify:track:5fAXuOze58yr7s6FjeBAvB
406,Write On,yU,spotify:track:0zaZZdnTizb90NCbfc39Uk
407,A Loan For The Lonely,DTMD,spotify:track:2D8AuHrff2oxlIYzYitXlc
408,Twice Inna Lifetime,Black Star,spotify:track:3zlvo38o7gFkrjKi1mtaoV
409,Glistening (ft. STS),Lushlife,spotify:track:2Z0kRPmjJYsu9h1Hk9ezbG
410,Lonely Eyes (feat. Grynch & Sydney Ranee),Def Dee,spotify:track:1TAu25K2UxSEANz29kTb1N
411,Rock To It,Shad,spotify:track:0kqoz7qQVrPTyLs6k6Es94
412,The Real McCoy,L'Orange,spotify:track:4RzIWwj7fk8ywe3xNRamUs
413,Wow (cuts by DJ Buddy),Trek Life,spotify:track:3miSEk2AhJzquyPLk8cFGF
414,Graveyard F. Sheisty Khrist,Kno of Cunninlynguists,spotify:track:7ugROg4hBh9UCkQSJoDzAq
415,Monochrome,L'Orange,spotify:track:2dkijIiC1Y8oCd7JA37HwX
416,Universe Works (feat. Steph the Sapphic Songstress),Bop Alloy,spotify:track:4mv580aHI3bGrSYrc0oS4x
417,Prove Me Wrong,Apollo Brown,spotify:track:6UUP9g13sTjaB5eyj3FBNo
418,Got to Make It,Copywrite,spotify:track:3kNA6veeebDVzDL59MRYy6
419,Love,Copywrite,spotify:track:4XKOrxOPcYtpoSRm01sz89
420,Break It Down,Kidz In The Hall,spotify:track:6V3n2AkW9QRSqzrjjgJ9ef
421,Resilient,Substantial,spotify:track:3vjoo0i1LWwjR2rWdrTahA
422,North By Northwest,Blue Scholars,spotify:track:5TbVCSPv8Cjm6HTi9s3akk
423,The Fall of the Light Brigade,Lushlife,spotify:track:5woKNdImzyHNARjFVWXwb2
424,The Art of Work (feat. Steph the Sapphic Songstress),Bop Alloy,spotify:track:0NklXjvZlmadXGeUBusjPY
425,"Another Day (feat. Marty James, Luckyiam)",Living Legends,spotify:track:0kUUVy4vjx8zZ8tH227ZG5
426,"All In (feat. Gift of Gab, Pigeon John)",The Grouch & Eligh,spotify:track:2TOMZonpmpXc3bEkE4lSpr
427,2010 (feat. 3MG),Living Legends,spotify:track:33gdzfvyQx303DmuMIOz5c
428,Bonita Applebum - includes 'Can I Kick It' Intro,A Tribe Called Quest,spotify:track:6Lamu5YqNiyjfpVRQ5tcNz
429,No rEgrets,Aesop Rock,spotify:track:0RBhY56tlRcDyhY5ezrL5h
430,Love You Like This (feat. Murs),Living Legends,spotify:track:58Si8lu3SI4PDsG9vbx9TU
431,"Moving at the Speed of Life (feat. Aesop, Slug)",Living Legends,spotify:track:7kH21UpmSW9vWDqxAa8oVP
432,Right Now (feat. Black Thought & Styles of Beyond),Fort Minor,spotify:track:6C8DRa09lbqaJS4hPjl0no
433,Remember Who You Are (feat. Eligh),Living Legends,spotify:track:3eZnOThLRKEsVWUSlDlgzs
434,San Francisco Knights,People Under The Stairs,spotify:track:0msneWUDfYKAGrifwEDhtl
435,1 Up Til Sun Up,People Under The Stairs,spotify:track:1mixpa19EzSQh43lWfEzeI
436,Deception,Blackalicious,spotify:track:5gp0NTWpqKwBxMZr8Uhnk1
437,My Pen And Pad,Blackalicious,spotify:track:5QU1x94DsyN9FdWduuF0h3
438,One Of A Kind,Atmosphere,spotify:track:3QwbLP3SQACS1ZCyTDMPUp
439,Can't Hold Back,Aceyalone,spotify:track:6s2Mg4XMeZfSYx9bJEf784
440,Map Your Psyche,Busdriver,spotify:track:4UXPHsaf7ChHbbxCqmSjuK
441,Silly Girl (feat. Joe Scudda),Murs,spotify:track:4rL4Ush4EcYw5G2awLdWk6
442,Lookin' Fly (feat. will.i.am),Murs,spotify:track:764gPFN7V9ZmJUUGawGVWQ
443,Kindness For Weakness,Dilated Peoples,spotify:track:4gps46WZXlN1Z9EbdU4VQJ
444,Listen!!!,Talib Kweli,spotify:track:3aId0PAeq6ON0YPSb7G4Li
445,Blast,Reflection Eternal,spotify:track:1l7xvA5XajmKQDo1h8Vc3K
446,Soon the New Day (feat. Norah Jones),Talib Kweli,spotify:track:5bew0ChUvFOO6oPp2vsKNP
447,Better Day Feat. Moka Only,Sweatshop Union,spotify:track:42ZMT9hG0CoT8v8b03B45Z
448,Broken Record,Sweatshop Union,spotify:track:2hE177yItEgd5mi92U4BIV
449,Home Sweet Home,Substantial,spotify:track:6Lt9yfW8UgdrSb4Cp5MJji
450,The W.W.K.Y.A. Tour (Substantial F. Efamm) (Remix) [Deluxe Edition],Substantial,spotify:track:58DuAmlqBhzLonfQ86cJ2m
451,Velocity (feat. Tonedeff),Substantial,spotify:track:5D7nKSllQoeSEgHW9nikZo
452,Under My Skin (feat. Apathy & Celph Titled),Demigodz,spotify:track:7gggIdeoQjEd4RkoqgRZma
453,The Demigodz (feat. Apathy & Celph Titled),Demigodz,spotify:track:0wKypPzoTueP3H9H4dlmkN
454,"The Godz Must Be Crazy (feat. Celph Titled, One Two, L-Fudge, Spin 4th, Metropolis, Louis Logic, Open Mic, Rise, Motive, Esoteric, Jabber Jaw & Apathy)",Demigodz,spotify:track:4VrZqmbhdHzuqPm61nfZZM
455,"Don't You Even Go There (feat. Louis Logic, Apathy & Celph Titled)",Demigodz,spotify:track:4y1rqcAi2wJ2Cp7vf388NM
456,The Grind Date,De La Soul,spotify:track:0RPqqVaJN0RLmsjh8B7uVr
457,Hip Hop's Cool Again,Oddisee,spotify:track:7KkUjxiieSeLu2hqRtHHNI
458,Silver Lining,Blueprint,spotify:track:51pciadDnqVSlBlGdQiY0f
459,Maybe One Day (feat. Black Spade),Blu & Exile,spotify:track:3zZQC8hDKkZvQg52uoQLl5
460,Shadows On The Sun,Brother Ali,spotify:track:3gAKVGIYCnBw67or8yroeq
461,I Used to Love H.E.R.,Common,spotify:track:4TboAbE2pCUUB0fk6Q9rUU
462,Porcelain (Remix),Cunninlynguists,spotify:track:5RkN1ARPclf45RPXikkuAf
463,Permanent Ink (Beat By Vintage) - Feat. Braille And Sivion,DJ Balance,spotify:track:66rHzKOw9JPXJIAfbWat6w
464,Speak Facts - Beat By The Soundproviders,DJ Balance,spotify:track:4bPU94Hz6ZsNTQSImrdDL1
465,Rebirth Of Skill - Beat By Moo,DJ Balance,spotify:track:1OVDsHOPYVaYoLhoenaBSi
466,The Proof (Beat By Vintage) - Featuring Absalom,DJ Balance,spotify:track:55aEZB4NUtWtHCtcV2eGot
467,Each Step - Beat By Bluemind,DJ Balance,spotify:track:3I0Gw7y3i2B7xfvHN57JVP
468,Alive Til' I Die,E-Dubble,spotify:track:182ahgmbp7AFghXs4RKdu8
469,Miracle,E-Dubble,spotify:track:74FjBNtz3PXXZZJrXWwRrm
470,It Wasn't Me,Evidence,spotify:track:0shUs7Ozg2mp5pV8210NkY
471,Lake Release,Eligh,spotify:track:1sj40s31e3NjPmNz4AFAop
472,Kept,Eyedea & Abilities,spotify:track:6PnYoM0AXapbMTF8XqWrI3
473,Samsonite Man,Fashawn,spotify:track:6WuAcxmYkFDFYewXYRbYLv
474,Morris Day,Felt,spotify:track:5PZuR7eA45zVQO1exxUe2n
475,Happiness,The Foreign Exchange,spotify:track:3jDnX9sCq99splS1cnqsJe
476,Dreamin,Gift Of Gab,spotify:track:3kwVydx03i8ZKyY5xXd50w
477,Rise (feat. Raashan Ahmad & Zumbi),Gift Of Gab,spotify:track:2iGgIAM8K7W2fFEpj0sK6m
478,Light Speed,Grieves,spotify:track:3oxwdcEIhHUx0IcYqJyWTF
479,Bloody Poetry,Grieves,spotify:track:2iHtwa2h4XMKCWOGQT407X
480,Astronauts (feat. Slug),Grieves,spotify:track:4VOrTkriuiWKgCfnnAqihc
481,An Ocean - Feat. Blockhead,Illogic,spotify:track:1FWVRKjpb1e3s9PAWH53FD
482,"Raw (feat. Godly MC, Kev Brown)",DTMD,spotify:track:4qPPPYu7jHtgu93OEKfd7C
483,You,DTMD,spotify:track:4xx2gqWZjJCDtLWKQIFxkZ
484,"A Son's Cycle (Feat. The Catalyst, Illogic & NP)",RJD2,spotify:track:4iQ4xCfw7YpJYcFF5ZoCkr
485,Give It Up,J-Live,spotify:track:2LFXPIUZ15oUjUTTtjS2s3
486,The Authentic,J-Live,spotify:track:5r03uErEFba4LXDan6Ig9O
487,Build It Up feat. MaxOne of Sackcloth Fashion,Kaboose,spotify:track:69JOd4L1aG2FVGkWjgcBgG
488,Fazers,King Geedorah,spotify:track:1R28m5eWk1EV9FQ3puWrUp
489,Rhythm Of The Rain F. Thee Tom Hardy & Tunji,Kno of Cunninlynguists,spotify:track:2iH0igbtIYSYcXB3bxkKE2
490,Spread Your Wings F. Deacon The Villain,Kno of Cunninlynguists,spotify:track:4LqW91rK7ZbJMCWv8n9LeT
491,Porcelain,Tonedeff,spotify:track:59FmZW6HnYFBm9echN4oPG
492,Optimist,Tonedeff,spotify:track:77S5WKgAWtXLEGiqlt15oe
493,Masochist,Tonedeff,spotify:track:5Jefp64hQW3tnyKt6UJwap
494,Livin' Time/Life: Movement 1 + Livin' Lude,Lifesavas,spotify:track:2n7OKtxbHwRm6O8paJf4XP
495,How We Chill - Featuring Rhymefest,Molemen,spotify:track:65Bj9opBEBlzjVZF9l4U9o
496,In Your Area,Peanut Butter Wolf,spotify:track:7nZn3FIAHOHzozcCLnqu4Z
497,Yesterday & Today,Murs,spotify:track:3au0TqA2jbPKwvdiKYRrnX
498,The Pursuit,Apollo Brown,spotify:track:5SJdK0xv4P8EpGYlI5ZoJW
499,"Obligatory Posse Cut (feat. Breez Evahflowin, Deacon the Villain, Kno, Mr. Mecca, iCON the Mic King, Pumpkinhead, GMS, Elite, Kameel-Yen, Poison Pen & Squijee)",Extended Famm,spotify:track:7HVewAgltVSQ0HCgVpWh8A
500,Mystery Repeats,Pete Philly & Perquisite,spotify:track:75O60YOeXQJsVeEpXvBpYh
501,Comprehend,Pete Rock,spotify:track:1PnWaVIoKWK5Z5JadklBgS
502,Bring Y'all Back,Pete Rock,spotify:track:666qAV5DgTqyPrKkSy7uOq
503,Right Quik,A Plus,spotify:track:3hKfJQj99SWV8kS6eUusDn
504,The Truth feat Freeway & Brother Ali,Jake One,spotify:track:3dSq28jO2ol4YPc7kkgMiY
505,Relaxation,Fashawn,spotify:track:3BVt1MH9KaZjQw4W58SUTV
506,"Hey Young World (feat. Aloe Blacc, Devoya)",Fashawn,spotify:track:1oBjEOqMo4Y33RPZHuZb8M
507,Strange Fruit Remix,Fashawn,spotify:track:6p4lvugFDKACkYunGszU9V
508,O Heaven,Blu & Exile,spotify:track:6mmiHYrreB2LNN0WAGL7KM
509,Bottle Rocket,Evidence,spotify:track:06xmuFS8Ejh5IXHCV4IeNV
510,I'm Gone,The Psycho Realm,spotify:track:2fKbjvnsN6dzT0qUWZ2Mh1
511,Mind Fuck,The Psycho Realm,spotify:track:0a3D9GzSRIfseOtf0jYb6q
512,Young Ladies,Guru,spotify:track:2UFcGA1PflCqYWpqIZjeOJ
513,Hoe!,Del,spotify:track:6TmkGARX0iZr2vMvT5EXYI
514,Heavyweight,Son Doobie,spotify:track:4SlICvR4zIOS7JgNE0wqdT
515,Wile Out,Son Doobie,spotify:track:4QknmIL87LTe5xsXKBLM9Q
516,Catch (feat. Aloe Blacc) / Magnifyin (feat. Diamond D),Mr. Brady,spotify:track:3q3goyfl7qiypp3dY85d6w
517,Maybe One Day (feat. Black Spade),Blu & Exile,spotify:track:3zZQC8hDKkZvQg52uoQLl5
518,I Can Do No Wrong,Guilty Simpson,spotify:track:7I633Kjfnn8TQLBvnffQ4q
519,Crocodile Smile,RML,spotify:track:5ae5nKq7gPssIv8uA7te5R
520,Front Steps Pt. Ii (tough Love),Akrobatik,spotify:track:3Naxi4yvdo93auUXSkk23d
521,"M.A.R.S. (feat. Cormega, Action Bronson, Roc Marciano & Saigon)",Large Professor,spotify:track:0nWgcLsNa3eYrhogllNTba
522,Trippin' at the Disco,People Under The Stairs,spotify:track:0h5xzce7mwq0SyskjVPAIc
523,The Fun,People Under The Stairs,spotify:track:0lM1BHwGHY7ro94NYclZN2
524,Gamin' On Ya,People Under The Stairs,spotify:track:6isw1CI0usw2LMVvH1gniH
525,A Little Samba,Ugly Duckling,spotify:track:3p609TLgKDG015XgHD4vFp
526,Left Behind,Ugly Duckling,spotify:track:2E3BpgQos5H2pchFh34VjG
527,The Way That I Rhyme,J-Live,spotify:track:5Vk0SrWT5etGcn2RaMR4N4
528,The Life of Kings,Phonte,spotify:track:7unjRDmTCT1jXrZn1diK43
529,Addicted,Bliss n Eso,spotify:track:4dFpc8oA3SroWIKyMQNINT
530,Act your Age,Bliss n Eso,spotify:track:6nIWjBwBH0A84tXh8gcxQ1
531,The Sea Is Rising,Bliss n Eso,spotify:track:115KhJ3aFGXHZqytKFDC3e
532,The Festival Song,PEZ,spotify:track:2aBagLgXpbHv0GFS2WTGQv
533,One Beer,MF DOOM,spotify:track:4O4Y5pZNd0kge9aw95OaYC
534,Woman Tonight,Felt,spotify:track:2xIU20pSje9HGouG4IxqGH
535,Keep Steppin',Slug,spotify:track:5CuIFeCKxOdGIFgI9fHrND
536,Don't Get it Backwords,J-Live,spotify:track:2lcpeIVh0U8x3E1tEIgNe3
537,Slow It Down,Little Brother,spotify:track:2CDnjjOWh18YG3LXsgvSLG
538,After Hours (Extended Euro Mix),Living Legends,spotify:track:21OjUoc2GIqiVAkWgO5bRJ
539,Renaissance,Lone Catalysts,spotify:track:2PX1rx4zRjvHPb8AA5D57Z
540,"Rock (Remix) [feat. Celph Titled, Lexicon, Ryu & J-Zone] [Prod by DJ Cheapshot]",Louis Logic,spotify:track:5otFU469d0vRn4KAaFSgKT
541,Dust to Dust,Louis Logic,spotify:track:4rhCNEMBCo4LFjl1nXGEwA
542,Alphabet Insanity,Mac Lethal,spotify:track:2AGw02FLregDr4QQ2LbzIq
543,Make Out Bandit,Mac Lethal,spotify:track:2VRVGXxIFaklrdTinepiR5
544,The Declaration,Athletic Mic League,spotify:track:0piKo9mFIPznFssmHDzA59
545,Go 'Head,Athletic Mic League,spotify:track:7h7oWRvUlfXzZTgD6ayeiZ
546,Marchin' Music,Athletic Mic League,spotify:track:1yuxvDsUEsKfCiBkooF4yF
547,Tour Stories,Souls Of Mischief,spotify:track:5kMKx1ohvu9tuRjVjoVPxX
548,Sunset,Dj T,spotify:track:6mZP2T1kMCBhRorsqAXTWd
549,The Real,Styles Of Beyond,spotify:track:6VQIh3p26871R8jf0hUQWO
550,Sunday In The City,Wax And EOM,spotify:track:0SyWTTxLNerKJchqgzw0JW
551,Desperate,Ugly Heroes,spotify:track:1BEZE2t1OwI6WSw0Ae3f3U
552,Upside Down Rotten,Pigeon John,spotify:track:4ysozBrFZOO1VvEzKJewpU
553,Sleeping Giants (feat. The Grouch & Eligh),Pigeon John,spotify:track:6aPyaYf38q8ULSRHXjDcwN
554,"Life Goes On, J-Boogie Remix ft. Abstract Rude",Pigeon John,spotify:track:1C4sZMUk7BTik9KJN1ivYV
555,GodLovesUgly,Atmosphere,spotify:track:5cq5kRxz0r21ys49CwEV45
556,Reflection Eternal (feat. Docigapom & Benji),Uptown XO,spotify:track:7olM3RqkcaaQREMAshYPVR
557,Nothing Without You,Pigeon John,spotify:track:1e1zDpTiaywwGGcFyth3KH
558,Hellfire,Cunninlynguists,spotify:track:3x6qlhqjIV1MDjmPAbtQ3J
559,Bad Side (feat. Slug),CMA,spotify:track:5GKYsMcJzmeljNjC9X2V3P
560,Windows,CMA,spotify:track:0iuq9pL8x7TcO4qoVlk0Tz
561,Fight for Peace,Joe Con,spotify:track:7LFy605zcpZfdPUYgQWvDb
562,Every Damn Day People (feat. Marienyc),BrokeMC,spotify:track:4xPzf6ZAyaYWpjlEy9fUql
563,Feather,Ostrich Head,spotify:track:65bjjcTAS5ixRasseGiuyI
564,Sunshine People,Ostrich Head,spotify:track:6uwOysDFUVkFYeU9PRw0a3
565,Remember the Days,Roll Deep,spotify:track:05jYz4PgyQkCHLRhS9tNhw
566,Tower of Babylon [ft. Kabir],Gnotes,spotify:track:15IJga2csPPykyefTdtndA
567,enecS eht no kcaB,One Be Lo,spotify:track:0dfDEQyUqAJQupttfk6VKd
568,A Nu Day,Nuttin' But Stringz,spotify:track:3BAXxhaQL6KYKHcdF9GZeb
569,Crazy Things,Collective Efforts,spotify:track:6BIoVJTHxISPNbAyWsr8Lz
570,Queens Get the Money,All Natural,spotify:track:7iqiEDrgWvkcmqYh0qZLPf
571,On The Side,Prolyphic & Reanimator,spotify:track:1YTjDSmIyn2kmAyqjAxohZ
572,Learn To Talk,The Aztext,spotify:track:59nrKjAdLb4OeWZMvl150F
573,Our Kingdom Ft Mac Lethal,The Aztext Ft Mac Lethal,spotify:track:6jeRz7LmfhBNFTF5QtsGZ8
574,At Last,Brawdcast,spotify:track:1vwdfoZI9Go5CfKygMh9Fn
575,This Is It,Brawdcast,spotify:track:3bWJ15cMno0pzNfw46K7Se
576,Now,Brawdcast,spotify:track:7AmnT38OH1mXhlJ9FtqAYk
577,Met And Cast,Brawdcast,spotify:track:5VeY33Xq5KOHKDiLg3vxPq
578,Lead the Way Feat. DJ Revolution,Sweatshop Union,spotify:track:4lnEdz8LVUlfNSEwYhPSk1
579,You and Me,Acid Reign,spotify:track:7DkvhaAfsOW6pjtrgpCXit
580,On The Rocks,Grieves,spotify:track:6JzHbcvhnuhcuAmX1ksOxA
581,Sunny Side Of Hell,Grieves,spotify:track:4bKqA2U5zRXpdSMeM3NWkC
582,Chemistry (D-Sane Remix) (Feat. One Be Lo),Grynch,spotify:track:2hepgnsDEYKIPc1U0rhZuX
583,Code of the Soul,Joe Con,spotify:track:2fdBxZfzgGEDwGiu4ZkUa0
584,After School Special,Jurassic 5,spotify:track:3eSt06B20ltnBbvcSBLk0X
585,Pandemonium,Luke Geraty,spotify:track:5mQpZoaCcyOcb1dhv0JYH9
586,Last Episode of Funk,Luke Geraty,spotify:track:7IMkJTqYrvSHFAWOxEy93D
587,Satan's Little Angel,Luke Geraty,spotify:track:6f4murLK06SqKBmv8XAYOe
588,Death of a Salesman,RedCloud,spotify:track:7qy6CzO1bkmymzfez9vebm
589,San Diego,L.A. Symphony,spotify:track:5cZLCgStsQZo22qOGSywba
590,Submission Hold,Braille,spotify:track:14ao66iKNP1dumoz48PwKk
591,The IV,Braille,spotify:track:21ZpjAeMRdAbiQg2ClNYFi
592,Always Gettin' Mine,Can't Stop Won't Stop,spotify:track:5x7uAi7Fweo4tli2lylv8F
593,Plan A,E-Dubble,spotify:track:7ClXz3V7FWaiX1kO07j7FR
